{"cameraMode":{"drawMode":0,"name":"Shaded","section":"Shading Mode"},"sceneLighting":true,"audioPlay":false,"sceneViewState":{"showFog":true,"showMaterialUpdate":false,"showSkybox":true,"showFlares":true,"showImageEffects":true,"showParticleSystems":true},"in2DMode":false,"pivot":{"x":-52.339927673339847,"y":-29.516433715820314,"z":161.15480041503907},"rotation":{"x":0.12270066887140274,"y":-0.19224578142166139,"z":0.024234769865870477,"w":0.9733479022979736},"size":110.68557739257813,"orthographic":false}