{"cameraMode":{"drawMode":0,"name":"Shaded","section":"Shading Mode"},"sceneLighting":true,"audioPlay":false,"sceneViewState":{"showFog":true,"showMaterialUpdate":false,"showSkybox":true,"showFlares":true,"showImageEffects":true,"showParticleSystems":true},"in2DMode":false,"pivot":{"x":13.175142288208008,"y":-34.824371337890628,"z":-46.083980560302737},"rotation":{"x":-0.05758001282811165,"y":0.9332440495491028,"z":-0.3090708255767822,"w":-0.1738743782043457},"size":47.904510498046878,"orthographic":false}